"","site_code","trt","year","block","plot","plot_id","bray_mean_null","bray_sd_null","bray","z_score"
"1","arch.us","Control","2015","1"," 1","arch.us_Control_2015_1_ 1",0.821438356164384,0.120269054693661,0.493150684931507,-2.72961047269444
"2","arch.us","Control","2015","2","11","arch.us_Control_2015_2_11",0.568727272727273,0.0779296336360413,0.301818181818182,-3.42500122810342
"3","arch.us","Control","2015","3","21","arch.us_Control_2015_3_21",0.63140562248996,0.0868236919680753,0.236947791164659,-4.54320499835853
"4","arch.us","Control","2016","1"," 1","arch.us_Control_2016_1_ 1",0.580939597315436,0.108605670573789,0.463087248322148,-1.08513992290317
"5","arch.us","Control","2016","2","11","arch.us_Control_2016_2_11",0.607935656836461,0.0979640419441627,0.361930294906166,-2.51118019477506
"6","arch.us","Control","2016","3","21","arch.us_Control_2016_3_21",0.681333333333333,0.105287505489401,0.248484848484848,-4.11110969755152
"7","arch.us","Control","2017","1"," 1","arch.us_Control_2017_1_ 1",0.768328445747801,0.22498497399853,0.161290322580645,-2.69812740103756
"8","arch.us","Control","2017","2","11","arch.us_Control_2017_2_11",0.553529411764706,0.0768990237785666,0.308823529411765,-3.18217150659259
"9","arch.us","Control","2017","3","21","arch.us_Control_2017_3_21",0.6278,0.101777932159911,0.34,-2.82772496839311
"10","arch.us","Control","2018","1"," 1","arch.us_Control_2018_1_ 1",0.808315789473684,0.198245162382515,0.147368421052632,-3.33398989653907
"11","arch.us","Control","2018","2","11","arch.us_Control_2018_2_11",0.526666666666667,0.106648138531826,0.183908045977011,-3.21392033098983
"12","arch.us","Control","2018","3","21","arch.us_Control_2018_3_21",0.644363636363636,0.140156760794957,0.284848484848485,-2.5650931819201
"13","arch.us","Control","2019","1"," 1","arch.us_Control_2019_1_ 1",0.687314814814815,0.348562645275734,0.0462962962962963,-1.83903389306515
"14","arch.us","Control","2019","2","11","arch.us_Control_2019_2_11",0.682159090909091,0.0822692995293232,0.159090909090909,-6.35799970111263
"15","arch.us","Control","2019","3","21","arch.us_Control_2019_3_21",0.698684210526316,0.141869031994338,0.171052631578947,-3.71914554945597
"16","arch.us","Control","2020","1"," 1","arch.us_Control_2020_1_ 1",0.659538461538462,0.142765784461258,0.276923076923077,-2.68002158962125
"17","arch.us","Control","2020","2","11","arch.us_Control_2020_2_11",0.644677419354839,0.0860048554267771,0.338709677419355,-3.55756358658122
"18","arch.us","Control","2020","3","21","arch.us_Control_2020_3_21",0.689586776859504,0.143512061922833,0.305785123966942,-2.6743511851912
"19","arch.us","NPK","2015","1"," 8","arch.us_NPK_2015_1_ 8",0.675290519877676,0.117676816480113,0.198776758409786,-4.04934273139875
"20","arch.us","NPK","2015","2","18","arch.us_NPK_2015_2_18",0.589890710382514,0.114848354144335,0.19672131147541,-3.42337860943998
"21","arch.us","NPK","2015","3","28","arch.us_NPK_2015_3_28",0.732042440318302,0.0784276984513212,0.246684350132626,-6.18860555352048
"22","arch.us","NPK","2016","1"," 8","arch.us_NPK_2016_1_ 8",0.777553191489362,0.163108968555755,0.287234042553192,-3.00608331520756
"23","arch.us","NPK","2016","2","18","arch.us_NPK_2016_2_18",0.534526315789474,0.0809935781891511,0.4,-1.66095039628084
"24","arch.us","NPK","2016","3","28","arch.us_NPK_2016_3_28",0.725699745547074,0.121341250712093,0.44529262086514,-2.31089693765608
"25","arch.us","NPK","2017","1"," 8","arch.us_NPK_2017_1_ 8",0.655829383886256,0.188409924455764,0.137440758293839,-2.75138704656785
"26","arch.us","NPK","2017","2","18","arch.us_NPK_2017_2_18",0.732857142857143,0.147677986464461,0.285714285714286,-3.0278233597833
"27","arch.us","NPK","2017","3","28","arch.us_NPK_2017_3_28",0.770248756218905,0.137461310537893,0.442786069651741,-2.38221711466147
"28","arch.us","NPK","2018","1"," 8","arch.us_NPK_2018_1_ 8",0.72712962962963,0.191942984673203,0.157407407407407,-2.96818465750242
"29","arch.us","NPK","2018","2","18","arch.us_NPK_2018_2_18",0.686865671641791,0.104344282553621,0.462686567164179,-2.14845604369755
"30","arch.us","NPK","2018","3","28","arch.us_NPK_2018_3_28",0.689166666666667,0.139335770966063,0.34375,-2.47902361519784
"31","arch.us","NPK","2019","1"," 8","arch.us_NPK_2019_1_ 8",0.748775510204082,0.211291824110116,0.0918367346938776,-3.10915378896931
"32","arch.us","NPK","2019","2","18","arch.us_NPK_2019_2_18",0.699684210526316,0.148287971827686,0.347368421052632,-2.37588919135723
"33","arch.us","NPK","2019","3","28","arch.us_NPK_2019_3_28",0.729952606635071,0.185520830819905,0.251184834123223,-2.58066854485259
"34","arch.us","NPK","2020","1"," 8","arch.us_NPK_2020_1_ 8",0.860975609756098,0.0790988665312817,0.51219512195122,-4.40942459860589
"35","arch.us","NPK","2020","2","18","arch.us_NPK_2020_2_18",0.520601503759399,0.123009676502527,0.338345864661654,-1.48163660193026
"36","arch.us","NPK","2020","3","28","arch.us_NPK_2020_3_28",0.722222222222222,0.122444785964979,0.466666666666667,-2.08710851623072
"37","bayr.de","Control","2017","1"," 9","bayr.de_Control_2017_1_ 9",0.834703389830509,0.0874019097351709,0.524576271186441,-3.54828766995776
"38","bayr.de","Control","2017","2","14","bayr.de_Control_2017_2_14",0.769567985447931,0.0967846419281295,0.235106866757617,-5.52216868340739
"39","bayr.de","Control","2017","3","26","bayr.de_Control_2017_3_26",0.733526473526473,0.104143969159612,0.59040959040959,-1.37422151538646
"40","bayr.de","Control","2018","1"," 9","bayr.de_Control_2018_1_ 9",0.700307692307692,0.0663664269031204,0.528205128205128,-2.59321726561826
"41","bayr.de","Control","2018","2","14","bayr.de_Control_2018_2_14",0.777428571428571,0.057473071858639,0.685714285714286,-1.59577838365532
"42","bayr.de","Control","2018","3","26","bayr.de_Control_2018_3_26",0.6432,0.0524286913508975,0.44,-3.87574045363849
"43","bayr.de","Control","2019","1"," 9","bayr.de_Control_2019_1_ 9",0.633424657534247,0.0800921809227935,0.410958904109589,-2.77762137154323
"44","bayr.de","Control","2019","2","14","bayr.de_Control_2019_2_14",0.771881188118812,0.1402325726721,0.267326732673267,-3.5979833060991
"45","bayr.de","Control","2019","3","26","bayr.de_Control_2019_3_26",0.597575757575758,0.125133982234057,0.333333333333333,-2.11167597741893
"46","bayr.de","Control","2020","1"," 9","bayr.de_Control_2020_1_ 9",0.76945652173913,0.116047948571469,0.619565217391304,-1.29163252080681
"47","bayr.de","Control","2020","2","14","bayr.de_Control_2020_2_14",0.907733952049497,0.126599824479636,0.474091260634184,-3.42530246939691
"48","bayr.de","Control","2020","3","26","bayr.de_Control_2020_3_26",0.728397472716829,0.152841473826193,0.368179207352096,-2.35680968226179
"49","bayr.de","NPK","2017","1","10","bayr.de_NPK_2017_1_10",0.860583887657058,0.125365189363637,0.339985218033998,-4.15265730675044
"50","bayr.de","NPK","2017","2","16","bayr.de_NPK_2017_2_16",0.828853299167201,0.116212435485095,0.577194106342088,-2.16551001426512
"51","bayr.de","NPK","2017","3","23","bayr.de_NPK_2017_3_23",0.731475409836066,0.0885499468106228,0.603142076502732,-1.4492762328564
"52","bayr.de","NPK","2018","1","10","bayr.de_NPK_2018_1_10",0.812618025751073,0.104354205524536,0.44206008583691,-3.55096316484376
"53","bayr.de","NPK","2018","2","16","bayr.de_NPK_2018_2_16",0.753497536945813,0.0888078409021674,0.645320197044335,-1.21810573033352
"54","bayr.de","NPK","2018","3","23","bayr.de_NPK_2018_3_23",0.787909604519774,0.0512385801879902,0.581920903954802,-4.02018751903773
"55","bayr.de","NPK","2019","1","10","bayr.de_NPK_2019_1_10",0.762194092827004,0.177547235923603,0.223628691983122,-3.03336403995398
"56","bayr.de","NPK","2019","2","16","bayr.de_NPK_2019_2_16",0.546808510638298,0.0968191967613231,0.393617021276596,-1.58224292791177
"57","bayr.de","NPK","2019","3","23","bayr.de_NPK_2019_3_23",0.71925,0.111186495891753,0.4125,-2.75887820314654
"58","bayr.de","NPK","2020","1","10","bayr.de_NPK_2020_1_10",0.84373322147651,0.144661576912485,0.151845637583893,-4.78280133992445
"59","bayr.de","NPK","2020","2","16","bayr.de_NPK_2020_2_16",0.80625641025641,0.125351467974041,0.353846153846154,-3.60913409090626
"60","bayr.de","NPK","2020","3","23","bayr.de_NPK_2020_3_23",0.850689289501591,0.112125527811225,0.352067868504772,-4.44699285461826
"61","burrawan.au","Control","2009","1"," 1","burrawan.au_Control_2009_1_ 1",0.759661016949152,0.15060652222966,0.322033898305085,-2.90576471832162
"62","burrawan.au","Control","2009","2","20","burrawan.au_Control_2009_2_20",0.754888888888889,0.154782591333369,0.377777777777778,-2.43639228328264
"63","burrawan.au","Control","2009","3","24","burrawan.au_Control_2009_3_24",0.830789473684211,0.133571044291343,0.5,-2.47650585828092
"64","burrawan.au","Control","2010","1"," 1","burrawan.au_Control_2010_1_ 1",0.827042253521127,0.135243274060717,0.52112676056338,-2.26196456039956
"65","burrawan.au","Control","2010","2","20","burrawan.au_Control_2010_2_20",0.87044776119403,0.0884875652914191,0.417910447761194,-5.11413453339438
"66","burrawan.au","Control","2010","3","24","burrawan.au_Control_2010_3_24",0.812105263157895,0.16713087186326,0.333333333333333,-2.8646528584873
"67","burrawan.au","Control","2011","1"," 1","burrawan.au_Control_2011_1_ 1",0.76697247706422,0.172332675471423,0.44954128440367,-1.84196753048837
"68","burrawan.au","Control","2011","2","20","burrawan.au_Control_2011_2_20",0.735714285714286,0.240117911589567,0.152380952380952,-2.42936201415255
"69","burrawan.au","Control","2011","3","24","burrawan.au_Control_2011_3_24",0.789837837837838,0.163213047705144,0.264864864864865,-3.21648900228476
"70","burrawan.au","Control","2012","1"," 1","burrawan.au_Control_2012_1_ 1",0.795036496350365,0.249347064693721,0.109489051094891,-2.74937042510426
"71","burrawan.au","Control","2012","2","20","burrawan.au_Control_2012_2_20",0.915438596491228,0.156906968235779,0.111111111111111,-5.12614254436094
"72","burrawan.au","Control","2012","3","24","burrawan.au_Control_2012_3_24",0.856496350364964,0.19338292130212,0.197080291970803,-3.40989811279127
"73","burrawan.au","Control","2013","1"," 1","burrawan.au_Control_2013_1_ 1",0.781463414634146,0.22404935705776,0.346341463414634,-1.94208078493766
"74","burrawan.au","Control","2013","2","20","burrawan.au_Control_2013_2_20",0.760556745182013,0.233214706097987,0.100642398286938,-2.82964294120375
"75","burrawan.au","Control","2013","3","24","burrawan.au_Control_2013_3_24",0.76283378746594,0.180513369091261,0.127157129881926,-3.52149350922944
"76","burrawan.au","Control","2017","1"," 1","burrawan.au_Control_2017_1_ 1",0.841458003169572,0.0763968299140059,0.871632329635499,0.394968305620691
"77","burrawan.au","Control","2017","2","20","burrawan.au_Control_2017_2_20",0.786162162162162,0.326893383007179,0.113513513513514,-2.05770041124961
"78","burrawan.au","Control","2017","3","24","burrawan.au_Control_2017_3_24",0.863022049286641,0.188639088200245,0.169909208819715,-3.67428006082795
"79","burrawan.au","Control","2018","1"," 1","burrawan.au_Control_2018_1_ 1",0.706467661691542,0.229906453775347,0.213930348258706,-2.14233791763897
"80","burrawan.au","Control","2018","2","20","burrawan.au_Control_2018_2_20",0.895720164609053,0.242960908799933,0.176954732510288,-2.95835834517163
"81","burrawan.au","Control","2018","3","24","burrawan.au_Control_2018_3_24",0.905635876840696,0.197011009363156,0.195448460508701,-3.60481081046027
"82","burrawan.au","NPK","2009","1"," 3","burrawan.au_NPK_2009_1_ 3",0.645609756097561,0.102161486561394,0.48780487804878,-1.54466113757994
"83","burrawan.au","NPK","2009","2","16","burrawan.au_NPK_2009_2_16",0.832336448598131,0.18376375458846,0.233644859813084,-3.25794164429117
"84","burrawan.au","NPK","2009","3","28","burrawan.au_NPK_2009_3_28",0.808,0.178729774271101,0.233333333333333,-3.21528222709553
"85","burrawan.au","NPK","2010","1"," 3","burrawan.au_NPK_2010_1_ 3",0.76775,0.081207350888844,0.575,-2.37355359940056
"86","burrawan.au","NPK","2010","2","16","burrawan.au_NPK_2010_2_16",0.84,0.237976218811358,0.10958904109589,-3.06926029227778
"87","burrawan.au","NPK","2010","3","28","burrawan.au_NPK_2010_3_28",0.778571428571429,0.0884484553381273,0.571428571428571,-2.34196127395303
"88","burrawan.au","NPK","2011","1"," 3","burrawan.au_NPK_2011_1_ 3",0.89840490797546,0.0836394681640445,0.619631901840491,-3.33303178815297
"89","burrawan.au","NPK","2011","2","16","burrawan.au_NPK_2011_2_16",0.857572815533981,0.263189145923935,0.155339805825243,-2.66816857983837
"90","burrawan.au","NPK","2011","3","28","burrawan.au_NPK_2011_3_28",0.685548387096774,0.161376633797654,0.406451612903226,-1.72947450709314
"91","burrawan.au","NPK","2012","1"," 3","burrawan.au_NPK_2012_1_ 3",0.825935483870968,0.103315291939554,0.574193548387097,-2.43663770152395
"92","burrawan.au","NPK","2012","2","16","burrawan.au_NPK_2012_2_16",0.733812154696133,0.363901439733967,0.0828729281767956,-1.78877892595097
"93","burrawan.au","NPK","2012","3","28","burrawan.au_NPK_2012_3_28",0.79,0.125914506699269,0.365079365079365,-3.37467577056474
"94","burrawan.au","NPK","2013","1"," 3","burrawan.au_NPK_2013_1_ 3",0.905,0.107204289221678,0.796875,-1.00858837631411
"95","burrawan.au","NPK","2013","3","28","burrawan.au_NPK_2013_3_28",0.801176470588235,0.143835970006482,0.384615384615385,-2.89608424063937
"96","burrawan.au","NPK","2017","1"," 3","burrawan.au_NPK_2017_1_ 3",0.832025316455696,0.119381629016653,0.531645569620253,-2.51613040724668
"97","burrawan.au","NPK","2017","2","16","burrawan.au_NPK_2017_2_16",0.900917531403605,0.247480255123239,0.115237575095576,-3.17471774027702
"98","burrawan.au","NPK","2017","3","28","burrawan.au_NPK_2017_3_28",0.905364916773367,0.104316842996123,0.449423815620999,-4.37073331647233
"99","burrawan.au","NPK","2018","1"," 3","burrawan.au_NPK_2018_1_ 3",0.705136612021858,0.139276158805283,0.562841530054645,-1.02167580717207
"100","burrawan.au","NPK","2018","3","28","burrawan.au_NPK_2018_3_28",0.803125649013499,0.248738045905904,0.26791277258567,-2.15171295761605
"101","cereep.fr","Control","2014","1"," 1","cereep.fr_Control_2014_1_ 1",0.720743801652893,0.0993007434947105,0.413223140495868,-3.09686161789318
"102","cereep.fr","Control","2014","2","11","cereep.fr_Control_2014_2_11",0.757389033942559,0.118643688745672,0.315926892950392,-3.72090707613195
"103","cereep.fr","Control","2014","3","21","cereep.fr_Control_2014_3_21",0.71134670487106,0.129156472090607,0.300859598853868,-3.17821553479119
"104","cereep.fr","Control","2015","1"," 1","cereep.fr_Control_2015_1_ 1",0.753541666666667,0.129661548349065,0.291666666666667,-3.56215860354047
"105","cereep.fr","Control","2015","2","11","cereep.fr_Control_2015_2_11",0.686914498141264,0.0867499955119893,0.390334572490706,-3.41878894517717
"106","cereep.fr","Control","2015","3","21","cereep.fr_Control_2015_3_21",0.772950191570881,0.174941899649485,0.325670498084291,-2.55673280319216
"107","cereep.fr","Control","2016","1"," 1","cereep.fr_Control_2016_1_ 1",0.809852507374631,0.129165873746291,0.392330383480826,-3.23244918943456
"108","cereep.fr","Control","2016","2","11","cereep.fr_Control_2016_2_11",0.74863436123348,0.0988861830469778,0.559471365638767,-1.91293656773917
"109","cereep.fr","Control","2016","3","21","cereep.fr_Control_2016_3_21",0.877536231884058,0.109817081368786,0.391304347826087,-4.42765258370977
"110","cereep.fr","Control","2017","1"," 1","cereep.fr_Control_2017_1_ 1",0.806980728051392,0.179357087519349,0.276231263383298,-2.95917753799853
"111","cereep.fr","Control","2017","2","11","cereep.fr_Control_2017_2_11",0.851454545454545,0.160563017258212,0.427272727272727,-2.64184010381209
"112","cereep.fr","Control","2017","3","21","cereep.fr_Control_2017_3_21",0.827860696517413,0.0936998434868777,0.422885572139304,-4.32204696729108
"113","cereep.fr","Control","2019","1"," 1","cereep.fr_Control_2019_1_ 1",0.780350877192982,0.247614724646857,0.181286549707602,-2.41934048283984
"114","cereep.fr","Control","2019","2","11","cereep.fr_Control_2019_2_11",0.837209302325581,0.169973102442465,0.465116279069767,-2.18912885573625
"115","cereep.fr","Control","2019","3","21","cereep.fr_Control_2019_3_21",0.780774193548387,0.0866932714234742,0.52258064516129,-2.97824207285809
"116","cereep.fr","Control","2020","1"," 1","cereep.fr_Control_2020_1_ 1",0.896388888888889,0.159360449282261,0.0925925925925926,-5.04388824150843
"117","cereep.fr","Control","2020","2","11","cereep.fr_Control_2020_2_11",0.649540229885058,0.128249723619643,0.229885057471264,-3.27217213861909
"118","cereep.fr","Control","2020","3","21","cereep.fr_Control_2020_3_21",0.677853658536585,0.0713695362567839,0.502439024390244,-2.45783626105133
"119","cereep.fr","NPK","2014","1"," 8","cereep.fr_NPK_2014_1_ 8",0.806026200873362,0.0874886852755801,0.589519650655022,-2.47468057768119
"120","cereep.fr","NPK","2014","2","18","cereep.fr_NPK_2014_2_18",0.782507462686567,0.0988463395253588,0.426865671641791,-3.5979257578227
"121","cereep.fr","NPK","2014","3","28","cereep.fr_NPK_2014_3_28",0.720246913580247,0.112972587916723,0.358024691358025,-3.20628418718027
"122","cereep.fr","NPK","2015","1"," 8","cereep.fr_NPK_2015_1_ 8",0.740681818181818,0.108896958622286,0.507575757575758,-2.14061130407323
"123","cereep.fr","NPK","2015","2","18","cereep.fr_NPK_2015_2_18",0.713129770992366,0.0855505538538741,0.587786259541985,-1.4651396841273
"124","cereep.fr","NPK","2015","3","28","cereep.fr_NPK_2015_3_28",0.739930555555556,0.12422746921949,0.236111111111111,-4.05562028760545
"125","cereep.fr","NPK","2016","1"," 8","cereep.fr_NPK_2016_1_ 8",0.794132492113565,0.0880849116233681,0.722397476340694,-0.814384829942208
"126","cereep.fr","NPK","2016","2","18","cereep.fr_NPK_2016_2_18",0.781145374449339,0.0725968378524775,0.823788546255507,0.587397097003348
"127","cereep.fr","NPK","2016","3","28","cereep.fr_NPK_2016_3_28",0.764210526315789,0.150990507243239,0.206477732793522,-3.69382687498218
"128","cereep.fr","NPK","2017","1"," 8","cereep.fr_NPK_2017_1_ 8",0.770576923076923,0.0853953028514363,0.336538461538462,-5.08269713960223
"129","cereep.fr","NPK","2017","2","18","cereep.fr_NPK_2017_2_18",0.787280701754386,0.102679429828553,0.614035087719298,-1.68724752683533
"130","cereep.fr","NPK","2017","3","28","cereep.fr_NPK_2017_3_28",0.848739495798319,0.127112633888036,0.411764705882353,-3.43769754862341
"131","cereep.fr","NPK","2019","1"," 8","cereep.fr_NPK_2019_1_ 8",0.843482587064677,0.0663478805509591,0.681592039800995,-2.44002590466082
"132","cereep.fr","NPK","2019","2","18","cereep.fr_NPK_2019_2_18",0.737379310344828,0.0654314274210135,0.682758620689655,-0.834777595538614
"133","cereep.fr","NPK","2019","3","28","cereep.fr_NPK_2019_3_28",0.878850574712644,0.1080873464257,0.494252873563218,-3.55821207447073
"134","cereep.fr","NPK","2020","1"," 8","cereep.fr_NPK_2020_1_ 8",0.697305699481865,0.115218119387804,0.481865284974093,-1.86984838541443
"135","cereep.fr","NPK","2020","2","18","cereep.fr_NPK_2020_2_18",0.53,0.0810659792264507,0.41747572815534,-1.38805788714811
"136","cereep.fr","NPK","2020","3","28","cereep.fr_NPK_2020_3_28",0.812365591397849,0.200817917809831,0.387096774193548,-2.11768363023771
"137","chilcas.ar","Control","2013","1"," 5","chilcas.ar_Control_2013_1_ 5",0.861992528019925,0.271996757630807,0.133250311332503,-2.67923126376593
"138","chilcas.ar","Control","2013","2","20","chilcas.ar_Control_2013_2_20",0.89781045751634,0.2100149729666,0.189542483660131,-3.37246418125078
"139","chilcas.ar","Control","2013","3","29","chilcas.ar_Control_2013_3_29",0.802696629213483,0.11460557942307,0.820224719101124,0.152942727360032
"140","chilcas.ar","Control","2014","1"," 5","chilcas.ar_Control_2014_1_ 5",0.838777633289987,0.186919646620456,0.131339401820546,-3.78471842987114
"141","chilcas.ar","Control","2014","2","20","chilcas.ar_Control_2014_2_20",0.778039215686275,0.316181819074844,0.0562091503267974,-2.28295879716162
"142","chilcas.ar","Control","2014","3","29","chilcas.ar_Control_2014_3_29",0.624024390243902,0.0816506700047316,0.485365853658537,-1.69819226930201
"143","chilcas.ar","Control","2015","1"," 5","chilcas.ar_Control_2015_1_ 5",0.820277427490542,0.127312087411552,0.26860025220681,-4.33326627895408
"144","chilcas.ar","Control","2015","2","20","chilcas.ar_Control_2015_2_20",0.85303602058319,0.200043779556154,0.403087478559177,-2.24925035420913
"145","chilcas.ar","Control","2015","3","29","chilcas.ar_Control_2015_3_29",0.794245723172628,0.120068194834541,0.446345256609642,-2.89752391998903
"146","chilcas.ar","Control","2016","1"," 5","chilcas.ar_Control_2016_1_ 5",0.827448840381992,0.283733577057341,0.143246930422919,-2.41142383307281
"147","chilcas.ar","Control","2016","2","20","chilcas.ar_Control_2016_2_20",0.838066298342542,0.286746783059092,0.104972375690608,-2.55658987637486
"148","chilcas.ar","Control","2016","3","29","chilcas.ar_Control_2016_3_29",0.714225526641884,0.0650701618928524,0.571251548946716,-2.19722793883002
"149","chilcas.ar","NPK","2013","1"," 8","chilcas.ar_NPK_2013_1_ 8",0.745893333333333,0.0643104646990613,0.472,-4.25892325012745
"150","chilcas.ar","NPK","2014","1"," 8","chilcas.ar_NPK_2014_1_ 8",0.770366259711432,0.0857420097662284,0.456159822419534,-3.66455647760727
"151","chilcas.ar","NPK","2015","1"," 8","chilcas.ar_NPK_2015_1_ 8",0.924933687002652,0.11535204327544,0.273209549071618,-5.64987077320194
"152","chilcas.ar","NPK","2015","3","26","chilcas.ar_NPK_2015_3_26",0.77370786516854,0.311617443808044,0.191011235955056,-1.86991017605685
"153","chilcas.ar","NPK","2016","1"," 8","chilcas.ar_NPK_2016_1_ 8",0.860495436766623,0.313471565532871,0.0586701434159061,-2.55788843874146
"154","chilcas.ar","NPK","2016","3","26","chilcas.ar_NPK_2016_3_26",0.857840375586855,0.208305138700108,0.0985915492957746,-3.64488764429452
"155","frue.ch","Control","2008","1","10","frue.ch_Control_2008_1_10",0.608888888888889,0.0848739413946694,0.37962962962963,-2.70117371117701
"156","frue.ch","Control","2008","2","17","frue.ch_Control_2008_2_17",0.585150214592275,0.0869401080012228,0.459227467811159,-1.44838498221494
"157","frue.ch","Control","2008","3","27","frue.ch_Control_2008_3_27",0.705158371040724,0.0953425063334076,0.447963800904977,-2.69758557884299
"158","frue.ch","Control","2009","1","10","frue.ch_Control_2009_1_10",0.658056680161943,0.0925000202538536,0.384615384615385,-2.95612146674277
"159","frue.ch","Control","2009","2","17","frue.ch_Control_2009_2_17",0.547016129032258,0.0700713460394046,0.419354838709677,-1.8218758099893
"160","frue.ch","Control","2009","3","27","frue.ch_Control_2009_3_27",0.687479674796748,0.112726703708233,0.219512195121951,-4.15134537142169
"161","frue.ch","Control","2010","1","10","frue.ch_Control_2010_1_10",0.699098360655738,0.112835515717749,0.467213114754098,-2.05507321366516
"162","frue.ch","Control","2010","2","17","frue.ch_Control_2010_2_17",0.474778761061947,0.0743326117419461,0.371681415929204,-1.38697326404535
"163","frue.ch","Control","2010","3","27","frue.ch_Control_2010_3_27",0.615774647887324,0.0963680328395876,0.380281690140845,-2.4436833544011
"164","frue.ch","Control","2011","1","10","frue.ch_Control_2011_1_10",0.635377358490566,0.0995635335707707,0.518867924528302,-1.17020187797421
"165","frue.ch","Control","2011","2","17","frue.ch_Control_2011_2_17",0.498125,0.0885146460552596,0.3203125,-2.00884834232961
"166","frue.ch","Control","2011","3","27","frue.ch_Control_2011_3_27",0.524864864864865,0.0871675245025753,0.428571428571429,-1.10469394241649
"167","frue.ch","Control","2012","1","10","frue.ch_Control_2012_1_10",0.809491525423729,0.0993018672267492,0.247457627118644,-5.65985226664185
"168","frue.ch","Control","2012","2","17","frue.ch_Control_2012_2_17",0.636692307692308,0.0905746073045579,0.615384615384615,-0.235250175979739
"169","frue.ch","Control","2012","3","27","frue.ch_Control_2012_3_27",0.66007299270073,0.108807408993906,0.299270072992701,-3.31597749679194
"170","frue.ch","NPK","2008","1"," 8","frue.ch_NPK_2008_1_ 8",0.587733333333333,0.0958926947366344,0.386666666666667,-2.09678815700078
"171","frue.ch","NPK","2008","2","12","frue.ch_NPK_2008_2_12",0.575090909090909,0.0789532064923712,0.463636363636364,-1.41165318555256
"172","frue.ch","NPK","2008","3","25","frue.ch_NPK_2008_3_25",0.706016949152542,0.0882571215787781,0.305084745762712,-4.54277452309567
"173","frue.ch","NPK","2009","1"," 8","frue.ch_NPK_2009_1_ 8",0.649907407407407,0.111381195314378,0.287037037037037,-3.25791413304691
"174","frue.ch","NPK","2009","2","12","frue.ch_NPK_2009_2_12",0.659559471365639,0.10517305520475,0.409691629955947,-2.37577810137065
"175","frue.ch","NPK","2009","3","25","frue.ch_NPK_2009_3_25",0.658392857142857,0.0840417093810418,0.464285714285714,-2.30965248430477
"176","frue.ch","NPK","2010","1"," 8","frue.ch_NPK_2010_1_ 8",0.589586206896552,0.126273267498595,0.406896551724138,-1.44678013637722
"177","frue.ch","NPK","2010","2","12","frue.ch_NPK_2010_2_12",0.589918032786885,0.0975601846288523,0.385245901639344,-2.09790635315189
"178","frue.ch","NPK","2010","3","25","frue.ch_NPK_2010_3_25",0.696653386454183,0.0646962607946774,0.561752988047809,-2.08513439183911
"179","frue.ch","NPK","2011","1"," 8","frue.ch_NPK_2011_1_ 8",0.538139534883721,0.13210754700186,0.218604651162791,-2.4187481409857
"180","frue.ch","NPK","2011","2","12","frue.ch_NPK_2011_2_12",0.571673469387755,0.116360441628175,0.387755102040816,-1.58059186415468
"181","frue.ch","NPK","2011","3","25","frue.ch_NPK_2011_3_25",0.709591078066914,0.0821680012212274,0.516728624535316,-2.34717226493485
"182","frue.ch","NPK","2012","1"," 8","frue.ch_NPK_2012_1_ 8",0.637279411764706,0.131325878153402,0.448529411764706,-1.4372643278998
"183","frue.ch","NPK","2012","2","12","frue.ch_NPK_2012_2_12",0.596194029850746,0.115907367420998,0.380597014925373,-1.86008033589688
"184","frue.ch","NPK","2012","3","25","frue.ch_NPK_2012_3_25",0.746748971193416,0.145740059809532,0.51440329218107,-1.59424717758452
"185","jena.de","Control","2014","1"," 5","jena.de_Control_2014_1_ 5",0.832589641434263,0.118947713254562,0.617529880478088,-1.8080192974868
"186","jena.de","Control","2014","2","13","jena.de_Control_2014_2_13",0.801176470588235,0.131711491089859,0.242647058823529,-4.24055188460097
"187","jena.de","Control","2014","3","20","jena.de_Control_2014_3_20",0.805592592592593,0.157637093926373,0.47037037037037,-2.12654403778082
"188","jena.de","Control","2015","1"," 5","jena.de_Control_2015_1_ 5",0.825412844036697,0.086902753202236,0.275229357798165,-6.33102480606306
"189","jena.de","Control","2015","2","13","jena.de_Control_2015_2_13",0.756476683937824,0.137322732585523,0.238341968911917,-3.77311684140293
"190","jena.de","Control","2015","3","20","jena.de_Control_2015_3_20",0.796367816091954,0.133331403598057,0.563218390804598,-1.74864599783418
"191","jena.de","Control","2016","1"," 5","jena.de_Control_2016_1_ 5",0.820041841004184,0.137528640018099,0.569037656903766,-1.82510482229291
"192","jena.de","Control","2016","2","13","jena.de_Control_2016_2_13",0.797783251231527,0.134764102049773,0.315270935960591,-3.58042169933895
"193","jena.de","Control","2016","3","20","jena.de_Control_2016_3_20",0.758200514138818,0.12717717854022,0.336760925449871,-3.31379885547363
"194","jena.de","Control","2017","1"," 5","jena.de_Control_2017_1_ 5",0.83012987012987,0.110461381222713,0.50278293135436,-2.96345143571499
"195","jena.de","Control","2017","2","13","jena.de_Control_2017_2_13",0.844977375565611,0.121048030302503,0.280542986425339,-4.66289610603107
"196","jena.de","Control","2017","3","20","jena.de_Control_2017_3_20",0.814906832298137,0.107794698013882,0.238095238095238,-5.35102008568748
"197","jena.de","Control","2018","1"," 5","jena.de_Control_2018_1_ 5",0.811212121212121,0.08126763266873,0.521212121212121,-3.56845635189255
"198","jena.de","Control","2018","2","13","jena.de_Control_2018_2_13",0.831083123425693,0.119628844363973,0.481108312342569,-2.9255052403442
"199","jena.de","Control","2018","3","20","jena.de_Control_2018_3_20",0.830262390670554,0.0744734920041074,0.556851311953353,-3.67125364152552
"200","jena.de","Control","2019","1"," 5","jena.de_Control_2019_1_ 5",0.786681715575621,0.0887070781460814,0.580135440180587,-2.32840805617447
"201","jena.de","Control","2019","2","13","jena.de_Control_2019_2_13",0.775381062355658,0.102498532397441,0.367205542725173,-3.98225720976933
"202","jena.de","Control","2019","3","20","jena.de_Control_2019_3_20",0.765232974910394,0.101858102482214,0.53405017921147,-2.26965543305003
"203","jena.de","Control","2020","1"," 5","jena.de_Control_2020_1_ 5",0.711816192560175,0.0926435562256998,0.518599562363239,-2.08559168137089
"204","jena.de","Control","2020","2","13","jena.de_Control_2020_2_13",0.780404494382022,0.107425464779498,0.325842696629214,-4.23141569539256
"205","jena.de","Control","2020","3","20","jena.de_Control_2020_3_20",0.789260042283298,0.0992681866045319,0.564482029598309,-2.26435095042551
"206","jena.de","NPK","2014","1"," 1","jena.de_NPK_2014_1_ 1",0.805518453427065,0.143488983429916,0.493848857644991,-2.17208031119896
"207","jena.de","NPK","2014","2","10","jena.de_NPK_2014_2_10",0.779817518248175,0.116092790600809,0.45985401459854,-2.75610140813865
"208","jena.de","NPK","2014","3","18","jena.de_NPK_2014_3_18",0.80048417132216,0.110166228271495,0.452513966480447,-3.15859234087756
"209","jena.de","NPK","2015","1"," 1","jena.de_NPK_2015_1_ 1",0.836256157635468,0.14612044917046,0.0738916256157636,-5.21737057576624
"210","jena.de","NPK","2015","2","10","jena.de_NPK_2015_2_10",0.719209979209979,0.166866796337041,0.264033264033264,-2.72778482699062
"211","jena.de","NPK","2015","3","18","jena.de_NPK_2015_3_18",0.887989949748744,0.0502527536450177,0.221105527638191,-13.2706045686846
"212","jena.de","NPK","2016","1"," 1","jena.de_NPK_2016_1_ 1",0.833922077922078,0.186255634096898,0.184415584415584,-3.48717769884262
"213","jena.de","NPK","2016","2","10","jena.de_NPK_2016_2_10",0.785186721991701,0.1001698725461,0.647302904564315,-1.37649987888254
"214","jena.de","NPK","2016","3","18","jena.de_NPK_2016_3_18",0.892913385826772,0.136062180403105,0.275590551181102,-4.53706410419675
"215","jena.de","NPK","2017","1"," 1","jena.de_NPK_2017_1_ 1",0.804171779141104,0.113595424827075,0.386503067484663,-3.67680927548141
"216","jena.de","NPK","2017","2","10","jena.de_NPK_2017_2_10",0.728302521008403,0.0962424668462369,0.34453781512605,-3.98747786146712
"217","jena.de","NPK","2017","3","18","jena.de_NPK_2017_3_18",0.857976653696498,0.130013185663508,0.303501945525292,-4.2647574962609
"218","jena.de","NPK","2018","1"," 1","jena.de_NPK_2018_1_ 1",0.838706199460916,0.0653117949896577,0.638814016172507,-3.06058321196137
"219","jena.de","NPK","2018","2","10","jena.de_NPK_2018_2_10",0.780084210526316,0.106988275339807,0.67578947368421,-0.974823984318412
"220","jena.de","NPK","2018","3","18","jena.de_NPK_2018_3_18",0.80018648018648,0.0994274434241529,0.547785547785548,-2.53854392417797
"221","jena.de","NPK","2019","1"," 1","jena.de_NPK_2019_1_ 1",0.823824175824176,0.068032411052995,0.767032967032967,-0.834766957575126
"222","jena.de","NPK","2019","2","10","jena.de_NPK_2019_2_10",0.743089430894309,0.082452627665499,0.59349593495935,-1.81429628345919
"223","jena.de","NPK","2019","3","18","jena.de_NPK_2019_3_18",0.806755218216319,0.10450266226695,0.461100569259962,-3.30761572440508
"224","jena.de","NPK","2020","1"," 1","jena.de_NPK_2020_1_ 1",0.794948240165631,0.0610429536076801,0.552795031055901,-3.96693139499829
"225","jena.de","NPK","2020","2","10","jena.de_NPK_2020_2_10",0.697810526315789,0.0922399628694683,0.309473684210526,-4.21007153542343
"226","jena.de","NPK","2020","3","18","jena.de_NPK_2020_3_18",0.780839506172839,0.138362039084922,0.328395061728395,-3.2700041675936
"227","sevi.us","Control","2008","2","12","sevi.us_Control_2008_2_12",0.761040462427746,0.234265885395599,0.410930110352076,-1.49449994174119
"228","sevi.us","Control","2008","4","35","sevi.us_Control_2008_4_35",0.829670886075949,0.163874725495901,0.486919831223629,-2.09154312121727
"229","sevi.us","Control","2008","5","40","sevi.us_Control_2008_5_40",0.793446088794926,0.0970263989366764,0.549682875264271,-2.51233907680883
"230","sevi.us","Control","2010","1"," 8","sevi.us_Control_2010_1_ 8",0.791280319312251,0.0767002200318214,0.663494012895302,-1.66604875923345
"231","sevi.us","Control","2010","2","12","sevi.us_Control_2010_2_12",0.668748913987837,0.111762523988963,0.586446568201564,-0.736403785891598
"232","sevi.us","Control","2010","3","22","sevi.us_Control_2010_3_22",0.878417420641006,0.0464897737319433,0.797577058733323,-1.73888482172021
"233","sevi.us","Control","2010","4","35","sevi.us_Control_2010_4_35",0.800268081541469,0.0639742530641535,0.706785814018431,-1.46124828420105
"234","sevi.us","Control","2010","5","40","sevi.us_Control_2010_5_40",0.717138125207022,0.112220068430322,0.362702881748924,-3.1583944691512
"235","sevi.us","Control","2011","1"," 8","sevi.us_Control_2011_1_ 8",0.897196261682243,0.126357759953894,0.579439252336449,-2.51474076037545
"236","sevi.us","Control","2011","2","12","sevi.us_Control_2011_2_12",0.81130890052356,0.160275257405134,0.413612565445026,-2.48133331068851
"237","sevi.us","Control","2011","3","22","sevi.us_Control_2011_3_22",0.471521739130435,0.151236052158645,0.260869565217391,-1.39287009219252
"238","sevi.us","Control","2011","4","35","sevi.us_Control_2011_4_35",0.781166666666667,0.119127604202606,0.491666666666667,-2.43016723065826
"239","sevi.us","Control","2011","5","40","sevi.us_Control_2011_5_40",0.763707865168539,0.138092399918451,0.252808988764045,-3.699688590438
"240","sevi.us","Control","2012","1"," 8","sevi.us_Control_2012_1_ 8",0.813246977547496,0.131569552682071,0.473229706390328,-2.58431577994946
"241","sevi.us","Control","2012","2","12","sevi.us_Control_2012_2_12",0.787647058823529,0.101869569708806,0.708333333333333,-0.778581137791336
"242","sevi.us","Control","2012","3","22","sevi.us_Control_2012_3_22",0.529285714285714,0.113345610306702,0.425714285714286,-0.913766561326672
"243","sevi.us","Control","2012","4","35","sevi.us_Control_2012_4_35",0.740438397581255,0.0906445218270725,0.372637944066516,-4.05761369910927
"244","sevi.us","Control","2012","5","40","sevi.us_Control_2012_5_40",0.569905303030303,0.0911900752612591,0.433712121212121,-1.49350882130527
"245","sevi.us","Control","2013","1"," 8","sevi.us_Control_2013_1_ 8",0.869769820971867,0.12638359567367,0.644075021312873,-1.78579188585322
"246","sevi.us","Control","2013","2","12","sevi.us_Control_2013_2_12",0.860240054869684,0.0639769762436086,0.735939643347051,-1.94289287835873
"247","sevi.us","Control","2013","3","22","sevi.us_Control_2013_3_22",0.921085320954058,0.00780156092631059,0.91355850808388,-0.964782937834156
"248","sevi.us","Control","2013","4","35","sevi.us_Control_2013_4_35",0.860336538461538,0.053763477852503,0.794986263736264,-1.21551427354753
"249","sevi.us","Control","2013","5","40","sevi.us_Control_2013_5_40",0.80362293144208,0.0625451041132598,0.809101654846336,0.0875963591704139
"250","sevi.us","Control","2014","1"," 8","sevi.us_Control_2014_1_ 8",0.949676239253704,0.158626662627138,0.414669837205048,-3.37273944485753
"251","sevi.us","Control","2014","4","35","sevi.us_Control_2014_4_35",0.873679653679654,0.0793931446898293,0.691197691197691,-2.2984599387627
"252","sevi.us","Control","2014","5","40","sevi.us_Control_2014_5_40",0.709320175438596,0.101764076448607,0.560672514619883,-1.46070859193404
"253","sevi.us","Control","2016","3","22","sevi.us_Control_2016_3_22",0.84578811369509,0.105604178264248,0.677002583979328,-1.59828458011783
"254","sevi.us","Control","2016","4","35","sevi.us_Control_2016_4_35",0.724619368203004,0.165161324501495,0.278094251683066,-2.70356948194549
"255","sevi.us","Control","2016","5","40","sevi.us_Control_2016_5_40",0.718095238095238,0.163825020501187,0.36768149882904,-2.13895129201988
"256","sevi.us","Control","2018","3","22","sevi.us_Control_2018_3_22",0.711658163265306,0.276276081236908,0.119897959183673,-2.1419161638325
"257","sevi.us","Control","2018","4","35","sevi.us_Control_2018_4_35",0.834929245283019,0.237900241584516,0.150943396226415,-2.87509522689414
"258","sevi.us","Control","2018","5","40","sevi.us_Control_2018_5_40",0.85240251572327,0.13817964062006,0.335849056603774,-3.7382747328155
"259","sevi.us","NPK","2008","3","17","sevi.us_NPK_2008_3_17",0.866084856847189,0.121618819601107,0.620098884672876,-2.02259792506713
"260","sevi.us","NPK","2008","4","25","sevi.us_NPK_2008_4_25",0.854723865877712,0.176617518534283,0.447731755424063,-2.30436999586
"261","sevi.us","NPK","2008","5","39","sevi.us_NPK_2008_5_39",0.79368492224476,0.184517709561452,0.54158215010142,-1.36627954434574
"262","sevi.us","NPK","2010","1"," 6","sevi.us_NPK_2010_1_ 6",0.82488471849866,0.0993875062936339,0.893833780160858,0.693739728799438
"263","sevi.us","NPK","2010","2","15","sevi.us_NPK_2010_2_15",0.844994757810862,0.134584525917635,0.877542461732019,0.241838381487304
"264","sevi.us","NPK","2010","3","17","sevi.us_NPK_2010_3_17",0.849755891068153,0.123819951582834,0.448003386482292,-3.24465079698479
"265","sevi.us","NPK","2010","4","25","sevi.us_NPK_2010_4_25",0.629941051638764,0.113053880520341,0.610469228955435,-0.172234890069303
"266","sevi.us","NPK","2010","5","39","sevi.us_NPK_2010_5_39",0.765574210879785,0.138700827560095,0.862547571076785,0.699154878185455
"267","sevi.us","NPK","2011","3","17","sevi.us_NPK_2011_3_17",0.877258064516129,0.145222734181137,0.403225806451613,-3.26417389630781
"268","sevi.us","NPK","2011","5","39","sevi.us_NPK_2011_5_39",0.867814569536424,0.191950120198793,0.33112582781457,-2.79598023260435
"269","sevi.us","NPK","2012","1"," 6","sevi.us_NPK_2012_1_ 6",0.774858223062382,0.134237551979345,0.841209829867675,0.494284988268428
"270","sevi.us","NPK","2012","2","15","sevi.us_NPK_2012_2_15",0.688200757575758,0.161725675051349,0.683712121212121,-0.0277546305632169
"271","sevi.us","NPK","2012","3","17","sevi.us_NPK_2012_3_17",0.711721242653233,0.101053213609949,0.724601175482788,0.127456934514421
"272","sevi.us","NPK","2012","4","25","sevi.us_NPK_2012_4_25",0.662892561983471,0.10724748238878,0.499173553719008,-1.52655339424164
"273","sevi.us","NPK","2012","5","39","sevi.us_NPK_2012_5_39",0.663739837398374,0.0932788435928547,0.704994192799071,0.442269155702281
"274","sevi.us","NPK","2013","1"," 6","sevi.us_NPK_2013_1_ 6",0.870047543581616,0.0643289777127454,0.786053882725832,-1.30568934626708
"275","sevi.us","NPK","2013","2","15","sevi.us_NPK_2013_2_15",0.934427317998577,0.0605324025653284,0.989566042210102,0.910896013949184
"276","sevi.us","NPK","2013","3","17","sevi.us_NPK_2013_3_17",0.89593264672225,0.0423057553522133,0.836521170508419,-1.40433555007363
"277","sevi.us","NPK","2013","4","25","sevi.us_NPK_2013_4_25",0.867514419115628,0.0842277072996653,0.78797033781928,-0.944393286324962
"278","sevi.us","NPK","2013","5","39","sevi.us_NPK_2013_5_39",0.864949089787103,0.0137976193708763,0.854983029929034,-0.722302854585568
"279","sevi.us","NPK","2014","1"," 6","sevi.us_NPK_2014_1_ 6",0.920672301190933,0.127393575166467,0.479446792162889,-3.46348321296022
"280","sevi.us","NPK","2014","3","17","sevi.us_NPK_2014_3_17",0.768969072164948,0.159098432181796,0.56701030927835,-1.26939505384834
"281","sevi.us","NPK","2016","1"," 6","sevi.us_NPK_2016_1_ 6",0.93683698296837,0.124506336114408,0.221411192214112,-5.74609946032673
"282","sevi.us","NPK","2016","2","15","sevi.us_NPK_2016_2_15",0.932406483790524,0.154318660001472,0.276807980049875,-4.24834238279671
"283","sevi.us","NPK","2016","3","17","sevi.us_NPK_2016_3_17",0.787523393636931,0.215283852015753,0.46849656893325,-1.48188924397514
"284","sevi.us","NPK","2016","4","25","sevi.us_NPK_2016_4_25",0.652046109510086,0.201917795130648,0.469740634005764,-0.902869781171907
"285","sevi.us","NPK","2016","5","39","sevi.us_NPK_2016_5_39",0.855821917808219,0.125072125878796,0.965753424657534,0.878944897409409
"286","sevi.us","NPK","2018","1"," 6","sevi.us_NPK_2018_1_ 6",0.919012345679013,0.188551806562223,0.252942865345966,-3.53255422197846
"287","sevi.us","NPK","2018","2","15","sevi.us_NPK_2018_2_15",0.870702917771883,0.26638055970416,0.218832891246684,-2.44713813669121
"288","sevi.us","NPK","2018","3","17","sevi.us_NPK_2018_3_17",0.867181751287711,0.132242776125428,0.492273730684327,-2.83499811171384
"289","sevi.us","NPK","2018","4","25","sevi.us_NPK_2018_4_25",0.69463986599665,0.426020669113551,0.0407593523171413,-1.53485631352131
"290","sevi.us","NPK","2018","5","39","sevi.us_NPK_2018_5_39",0.929036697247707,0.0190248725910171,0.903669724770642,-1.33335833686699
"291","temple.us","Control","2010","1"," 1","temple.us_Control_2010_1_ 1",0.70696,0.0915440965664177,0.6,-1.16839866263138
"292","temple.us","Control","2010","2","11","temple.us_Control_2010_2_11",0.669795918367347,0.0696797828921839,0.557823129251701,-1.60696237083434
"293","temple.us","Control","2010","3","21","temple.us_Control_2010_3_21",0.767392996108949,0.0831555643587696,0.455252918287938,-3.75368840591715
"294","temple.us","Control","2012","1"," 1","temple.us_Control_2012_1_ 1",0.665284552845529,0.105035553886089,0.398373983739837,-2.54114496692383
"295","temple.us","Control","2012","2","11","temple.us_Control_2012_2_11",0.676247334754797,0.0821227437920535,0.44136460554371,-2.86014225006709
"296","temple.us","Control","2012","3","21","temple.us_Control_2012_3_21",0.677308868501529,0.108142562503509,0.308868501529052,-3.40698757679727
"297","temple.us","Control","2013","1"," 1","temple.us_Control_2013_1_ 1",0.670490196078431,0.196290710007167,0.107843137254902,-2.86639677854844
"298","temple.us","Control","2013","2","11","temple.us_Control_2013_2_11",0.762195845697329,0.0779575782497919,0.602373887240356,-2.05011446026288
"299","temple.us","Control","2013","3","21","temple.us_Control_2013_3_21",0.627483870967742,0.134221555089328,0.309677419354839,-2.36777506713727
"300","temple.us","Control","2014","1"," 1","temple.us_Control_2014_1_ 1",0.649494949494949,0.118577461203583,0.164983164983165,-4.08603607796878
"301","temple.us","Control","2014","2","11","temple.us_Control_2014_2_11",0.491023102310231,0.0612400002451226,0.313531353135314,-2.89829765618025
"302","temple.us","Control","2014","3","21","temple.us_Control_2014_3_21",0.647903225806452,0.096891017788213,0.42741935483871,-2.27558628241146
"303","temple.us","Control","2015","1"," 1","temple.us_Control_2015_1_ 1",0.742131979695432,0.112235406576714,0.467005076142132,-2.45133787941729
"304","temple.us","Control","2015","2","11","temple.us_Control_2015_2_11",0.686206896551724,0.101684428665088,0.5,-1.83122331507632
"305","temple.us","Control","2015","3","21","temple.us_Control_2015_3_21",0.681875,0.119353819383331,0.234375,-3.74935634495915
"306","temple.us","Control","2016","1"," 1","temple.us_Control_2016_1_ 1",0.440322580645161,0.0452438383496296,0.354838709677419,-1.88940359805794
"307","temple.us","Control","2016","2","11","temple.us_Control_2016_2_11",0.50774025974026,0.0947060232924036,0.288311688311688,-2.31694420059313
"308","temple.us","Control","2016","3","21","temple.us_Control_2016_3_21",0.686079295154185,0.117084220862209,0.356828193832599,-2.81208773391477
"309","temple.us","Control","2020","1"," 1","temple.us_Control_2020_1_ 1",0.782994011976048,0.0914492514723282,0.580838323353293,-2.21057783817865
"310","temple.us","Control","2020","2","11","temple.us_Control_2020_2_11",0.810364372469636,0.086424807639304,0.255060728744939,-6.42528064444494
"311","temple.us","Control","2020","3","21","temple.us_Control_2020_3_21",0.745123966942149,0.123767655715882,0.520661157024793,-1.81358214001102
"312","temple.us","NPK","2010","1"," 8","temple.us_NPK_2010_1_ 8",0.695370650529501,0.154617202367868,0.307110438729198,-2.5111061761197
"313","temple.us","NPK","2010","2","18","temple.us_NPK_2010_2_18",0.828897637795276,0.0881433381699868,0.874015748031496,0.5118720390327
"314","temple.us","NPK","2010","3","28","temple.us_NPK_2010_3_28",0.839100346020761,0.138210249405041,0.404844290657439,-3.1419960330922
"315","temple.us","NPK","2012","1"," 8","temple.us_NPK_2012_1_ 8",0.628674698795181,0.0802734432181402,0.385542168674699,-3.02880405241592
"316","temple.us","NPK","2012","3","28","temple.us_NPK_2012_3_28",0.823884057971014,0.119203946201655,0.373913043478261,-3.77479965077285
"317","temple.us","NPK","2013","1"," 8","temple.us_NPK_2013_1_ 8",0.738909090909091,0.130679207286393,0.624242424242424,-0.877466806294337
"318","temple.us","NPK","2013","2","18","temple.us_NPK_2013_2_18",0.878787878787879,0.12250307341444,0.660606060606061,-1.7810313823204
"319","temple.us","NPK","2013","3","28","temple.us_NPK_2013_3_28",0.798115183246073,0.146332800871876,0.371727748691099,-2.91381995024003
"320","temple.us","NPK","2014","1"," 8","temple.us_NPK_2014_1_ 8",0.644098939929329,0.133071776575964,0.342756183745583,-2.26451291128382
"321","temple.us","NPK","2014","2","18","temple.us_NPK_2014_2_18",0.728403361344538,0.122009646456823,0.271708683473389,-3.74310303433889
"322","temple.us","NPK","2014","3","28","temple.us_NPK_2014_3_28",0.633566878980892,0.0936305732484076,0.299363057324841,-3.56938775510204
"323","temple.us","NPK","2015","1"," 8","temple.us_NPK_2015_1_ 8",0.716753623188406,0.106852040839066,0.414492753623188,-2.82877956463616
"324","temple.us","NPK","2015","2","18","temple.us_NPK_2015_2_18",0.877697841726619,0.0902102975920288,0.532374100719424,-3.82798583116201
"325","temple.us","NPK","2015","3","28","temple.us_NPK_2015_3_28",0.508,0.180355055731593,0.133333333333333,-2.07738377583521
"326","temple.us","NPK","2016","1"," 8","temple.us_NPK_2016_1_ 8",0.580333333333333,0.0863390596491524,0.3,-3.24688888751506
"327","temple.us","NPK","2016","3","28","temple.us_NPK_2016_3_28",0.758069705093834,0.106973648362615,0.436997319034853,-3.00141568482943
"328","temple.us","NPK","2020","1"," 8","temple.us_NPK_2020_1_ 8",0.63968085106383,0.144476339636439,0.5,-0.966807792994504
"329","temple.us","NPK","2020","2","18","temple.us_NPK_2020_2_18",0.851807228915663,0.0589865749230214,0.91566265060241,1.08254160832494
"330","temple.us","NPK","2020","3","28","temple.us_NPK_2020_3_28",0.837946428571429,0.115081211577712,0.410714285714286,-3.7124404322824
"331","ukul.za","Control","2010","1"," 8","ukul.za_Control_2010_1_ 8",0.683413173652695,0.121530663261337,0.131736526946108,-4.53940291200644
"332","ukul.za","Control","2010","2","12","ukul.za_Control_2010_2_12",0.797625899280576,0.165155027104086,0.223021582733813,-3.47918150977402
"333","ukul.za","Control","2010","3","22","ukul.za_Control_2010_3_22",0.744514435695538,0.0974409959863444,0.244094488188976,-5.13562020216513
"334","ukul.za","Control","2011","1"," 8","ukul.za_Control_2011_1_ 8",0.670773993808049,0.148554824589413,0.0526315789473684,-4.16103897378728
"335","ukul.za","Control","2011","2","12","ukul.za_Control_2011_2_12",0.751408450704225,0.12567507601328,0.119718309859155,-5.02637564172485
"336","ukul.za","Control","2011","3","22","ukul.za_Control_2011_3_22",0.741292517006803,0.106171484723535,0.19047619047619,-5.18798741455778
"337","ukul.za","Control","2012","1"," 8","ukul.za_Control_2012_1_ 8",0.746468646864687,0.141490944364898,0.135313531353135,-4.31939385417779
"338","ukul.za","Control","2012","2","12","ukul.za_Control_2012_2_12",0.721184210526316,0.107834992730214,0.177631578947368,-5.0405959866741
"339","ukul.za","Control","2012","3","22","ukul.za_Control_2012_3_22",0.681436464088398,0.0990536688449477,0.0607734806629834,-6.26592624647716
"340","ukul.za","Control","2013","1"," 8","ukul.za_Control_2013_1_ 8",0.580724233983287,0.124892788568587,0.142061281337047,-3.51231610466717
"341","ukul.za","Control","2013","2","12","ukul.za_Control_2013_2_12",0.666687697160883,0.12128284705226,0.129337539432177,-4.43055362558537
"342","ukul.za","Control","2013","3","22","ukul.za_Control_2013_3_22",0.68528813559322,0.160517590409877,0.0983050847457627,-3.6568144920978
"343","ukul.za","Control","2014","1"," 8","ukul.za_Control_2014_1_ 8",0.519,0.0944294798412049,0.107692307692308,-4.35571278163724
"344","ukul.za","Control","2014","2","12","ukul.za_Control_2014_2_12",0.724830508474576,0.119499781764129,0.11864406779661,-5.07269914412454
"345","ukul.za","Control","2014","3","22","ukul.za_Control_2014_3_22",0.740268456375839,0.131621700157846,0.0671140939597315,-5.11431140616505
"346","ukul.za","Control","2015","1"," 8","ukul.za_Control_2015_1_ 8",0.626464646464647,0.0922201374481582,0.272727272727273,-3.83579317409095
"347","ukul.za","Control","2015","2","12","ukul.za_Control_2015_2_12",0.779447004608295,0.0814014056094691,0.235023041474654,-6.68813958502837
"348","ukul.za","Control","2015","3","22","ukul.za_Control_2015_3_22",0.689761904761905,0.08204040637544,0.261904761904762,-5.21520018927196
"349","ukul.za","Control","2016","1"," 8","ukul.za_Control_2016_1_ 8",0.642905405405405,0.109120190051202,0.162162162162162,-4.40563055304125
"350","ukul.za","Control","2016","2","12","ukul.za_Control_2016_2_12",0.739772727272727,0.101350293751801,0.151515151515152,-5.80420198088594
"351","ukul.za","Control","2016","3","22","ukul.za_Control_2016_3_22",0.697818181818182,0.0945673493048938,0.250909090909091,-4.72582867336394
"352","ukul.za","Control","2017","1"," 8","ukul.za_Control_2017_1_ 8",0.587283950617284,0.109002380921636,0.179012345679012,-3.74552923969419
"353","ukul.za","Control","2017","2","12","ukul.za_Control_2017_2_12",0.752456140350877,0.0487457364034373,0.535087719298246,-4.45922940323666
"354","ukul.za","Control","2017","3","22","ukul.za_Control_2017_3_22",0.722302158273381,0.204805403924671,0.143884892086331,-2.82422853646868
"355","ukul.za","Control","2018","1"," 8","ukul.za_Control_2018_1_ 8",0.618161764705882,0.126056122635774,0.176470588235294,-3.50392481725627
"356","ukul.za","Control","2018","2","12","ukul.za_Control_2018_2_12",0.808489208633094,0.0798488151266654,0.359712230215827,-5.62033359800474
"357","ukul.za","Control","2018","3","22","ukul.za_Control_2018_3_22",0.818566552901024,0.135966684546318,0.180887372013652,-4.68996639151072
"358","ukul.za","Control","2019","1"," 8","ukul.za_Control_2019_1_ 8",0.520055096418733,0.0862409407477636,0.190082644628099,-3.82616943796721
"359","ukul.za","Control","2019","2","12","ukul.za_Control_2019_2_12",0.765632653061225,0.0870539167835889,0.640816326530612,-1.43378185775258
"360","ukul.za","Control","2019","3","22","ukul.za_Control_2019_3_22",0.771851851851852,0.0985299248528504,0.185185185185185,-5.95419784946375
"361","ukul.za","Control","2020","1"," 8","ukul.za_Control_2020_1_ 8",0.635539215686275,0.106183723360647,0.181372549019608,-4.27717782248147
"362","ukul.za","Control","2020","2","12","ukul.za_Control_2020_2_12",0.688238482384824,0.0919571067530648,0.208672086720867,-5.2151096592431
"363","ukul.za","Control","2020","3","22","ukul.za_Control_2020_3_22",0.72996336996337,0.0903692091043168,0.128205128205128,-6.65888578336022
"364","ukul.za","NPK","2010","1"," 2","ukul.za_NPK_2010_1_ 2",0.77265671641791,0.142519395386379,0.134328358208955,-4.4788876382643
"365","ukul.za","NPK","2010","2","19","ukul.za_NPK_2010_2_19",0.755390334572491,0.174260792507317,0.271375464684015,-2.77753166919721
"366","ukul.za","NPK","2010","3","23","ukul.za_NPK_2010_3_23",0.658762214983713,0.103718245639178,0.315960912052117,-3.30512052936333
"367","ukul.za","NPK","2011","1"," 2","ukul.za_NPK_2011_1_ 2",0.634094488188977,0.18828732180021,0.0708661417322835,-2.99132379743725
"368","ukul.za","NPK","2011","2","19","ukul.za_NPK_2011_2_19",0.750360655737705,0.139907025253302,0.154098360655738,-4.26184670857259
"369","ukul.za","NPK","2011","3","23","ukul.za_NPK_2011_3_23",0.776447876447876,0.124694298419457,0.0965250965250965,-5.45271747418313
"370","ukul.za","NPK","2012","1"," 2","ukul.za_NPK_2012_1_ 2",0.653459119496855,0.136675295054858,0.150943396226415,-3.67671218905174
"371","ukul.za","NPK","2012","2","19","ukul.za_NPK_2012_2_19",0.781879194630873,0.144915527230644,0.134228187919463,-4.46916227051794
"372","ukul.za","NPK","2012","3","23","ukul.za_NPK_2012_3_23",0.760608695652174,0.169421377456158,0.130434782608696,-3.71956551472704
"373","ukul.za","NPK","2013","1"," 2","ukul.za_NPK_2013_1_ 2",0.649938271604938,0.115086946713177,0.216049382716049,-3.77009644690843
"374","ukul.za","NPK","2013","2","19","ukul.za_NPK_2013_2_19",0.7,0.161964348637124,0.123287671232877,-3.56073625844184
"375","ukul.za","NPK","2013","3","23","ukul.za_NPK_2013_3_23",0.78271186440678,0.206731241226161,0.0932203389830508,-3.33520720590767
"376","ukul.za","NPK","2014","1"," 2","ukul.za_NPK_2014_1_ 2",0.589745762711864,0.0867766832945504,0.288135593220339,-3.47570520145088
"377","ukul.za","NPK","2014","2","19","ukul.za_NPK_2014_2_19",0.782397003745318,0.179587207263157,0.0786516853932584,-3.9186829010645
"378","ukul.za","NPK","2014","3","23","ukul.za_NPK_2014_3_23",0.719067357512953,0.216879601028109,0.10880829015544,-2.81381496675854
"379","ukul.za","NPK","2015","1"," 2","ukul.za_NPK_2015_1_ 2",0.679461538461539,0.14420885096343,0.276923076923077,-2.79135752659552
"380","ukul.za","NPK","2015","2","19","ukul.za_NPK_2015_2_19",0.853632286995516,0.182448058089469,0.0403587443946188,-4.45756206515546
"381","ukul.za","NPK","2015","3","23","ukul.za_NPK_2015_3_23",0.762394366197183,0.144675541004326,0.232394366197183,-3.66336974668132
"382","ukul.za","NPK","2016","1"," 2","ukul.za_NPK_2016_1_ 2",0.669282700421941,0.105391903477627,0.257383966244726,-3.90825785080022
"383","ukul.za","NPK","2016","2","19","ukul.za_NPK_2016_2_19",0.815666666666667,0.261895126413336,0.0666666666666667,-2.85992339856638
"384","ukul.za","NPK","2016","3","23","ukul.za_NPK_2016_3_23",0.749512195121951,0.124208906505997,0.227642276422764,-4.20154989991793
"385","ukul.za","NPK","2017","1"," 2","ukul.za_NPK_2017_1_ 2",0.563272727272727,0.119937652501288,0.0909090909090909,-3.93840988640797
"386","ukul.za","NPK","2017","2","19","ukul.za_NPK_2017_2_19",0.698880597014925,0.18267267971818,0.164179104477612,-2.92710159703262
"387","ukul.za","NPK","2017","3","23","ukul.za_NPK_2017_3_23",0.561328671328671,0.0766680741206735,0.321678321678322,-3.1258167418311
"388","ukul.za","NPK","2018","1"," 2","ukul.za_NPK_2018_1_ 2",0.628384279475983,0.134072981117303,0.205240174672489,-3.15607291847473
"389","ukul.za","NPK","2018","2","19","ukul.za_NPK_2018_2_19",0.69900826446281,0.135627053377511,0.148760330578512,-4.05706619867875
"390","ukul.za","NPK","2018","3","23","ukul.za_NPK_2018_3_23",0.698518518518519,0.0839010879178325,0.437037037037037,-3.11654458804587
"391","ukul.za","NPK","2019","1"," 2","ukul.za_NPK_2019_1_ 2",0.654319526627219,0.160352570424546,0.597633136094675,-0.35351095640352
"392","ukul.za","NPK","2019","2","19","ukul.za_NPK_2019_2_19",0.633402777777778,0.246048977036227,0.0694444444444444,-2.29205721611393
"393","ukul.za","NPK","2019","3","23","ukul.za_NPK_2019_3_23",0.615595667870036,0.126673222639429,0.451263537906137,-1.2972917759554
"394","ukul.za","NPK","2020","1"," 2","ukul.za_NPK_2020_1_ 2",0.66950495049505,0.11985648656547,0.32013201320132,-2.91492723760837
"395","ukul.za","NPK","2020","2","19","ukul.za_NPK_2020_2_19",0.799372822299652,0.152112938408217,0.212543554006969,-3.85785242487291
"396","ukul.za","NPK","2020","3","23","ukul.za_NPK_2020_3_23",0.713132075471698,0.162898031011523,0.252830188679245,-2.82570565116218
